<?xml version="1.0" encoding="UTF-8" standalone="yes"?>
<addon id="repository.kodi-addons" name="Custom Kodi Addons Repo" version="1.0.0" provider-name="kodi-addons">
	<extension point="xbmc.addon.repository" name="Custom Kodi Addons Repo">
		<info compressed="false">https://raw.githubusercontent.com/kodi-addons/repo.kodi-addons/master/addons.xml</info>
		<checksum>https://raw.githubusercontent.com/kodi-addons/repo.kodi-addons/master/addons.xml.md5</checksum>
		<datadir zip="true">https://raw.githubusercontent.com/kodi-addons/repo.kodi-addons/master/</datadir>
	</extension>
	<extension point="xbmc.addon.metadata">
		<summary>Custom Kodi Addons Repo</summary>
		<description>Custom Kodi Addons Repo</description>
		<platform>all</platform>
	</extension>
</addon>
