<?xml version="1.0" encoding="UTF-8" standalone="yes"?>
<addon id="repository.awaters1" name="awaters1's Repo" version="1.0.0" provider-name="awaters1">
	<extension point="xbmc.addon.repository" name="awaters1's Repo">
		<info compressed="false">https://raw.githubusercontent.com/awaters1/repo.awaters1/master/addons.xml</info>
		<checksum>https://raw.githubusercontent.com/awaters1/repo.awaters1/master/addons.xml.md5</checksum>
		<datadir zip="true">https://raw.githubusercontent.com/awaters1/repo.awaters1/master/</datadir>
	</extension>
	<extension point="xbmc.addon.metadata">
		<summary>awaters1's Repo</summary>
		<description>awaters1's Repo</description>
		<platform>all</platform>
	</extension>
</addon>
